name,sequence,log_likelihood_ratio,Interface_pLDDT_KP.3,Interface_Residue_Count_KP.3,Interface_Atom_Count_KP.3,Interface_pLDDT_JN.1,Interface_Residue_Count_JN.1,Interface_Atom_Count_JN.1,dG_separated_KP.3,dG_separated_JN.1,weighted_score
Nb21-I77V-L59E-Q87A-R37Q-E42G-R43P,QVQLVESGGGLVQAGGSLRLSCAVSGLGAHRVGWFRQAPGKGPEFVAAIGANGGNTNYEDSVKGRFTISRDNAKNTVYLQMNSLKPADTAVYYCAARDIETAEYTYWGQGTQVTVSS,6.30450963973999,78.30232558139535,34,301,64.30669724770642,49,436,-42.681,-30.332,43.06597348060701
Nb21-I77V-L59E-Q87A-R37Q-E103Y-R43P,QVQLVESGGGLVQAGGSLRLSCAVSGLGAHRVGWFRQAPGKEPEFVAAIGANGGNTNYEDSVKGRFTISRDNAKNTVYLQMNSLKPADTAVYYCAARDIETAYYTYWGQGTQVTVSS,6.068482637405396,72.80845360824742,33,291,63.4354892601432,50,419,-50.12,-34.313,43.01876808014009
Nb21-I77V-L59E-Q87A-R37Q-E59A-R43P,QVQLVESGGGLVQAGGSLRLSCAVSGLGAHRVGWFRQAPGKEPEFVAAIGANGGNTNYADSVKGRFTISRDNAKNTVYLQMNSLKPADTAVYYCAARDIETAEYTYWGQGTQVTVSS,6.047872304916382,69.85724,31,250,65.873981264637,51,427,-26.478,-12.845,43.01464601364229
Nb21-I77V-L59E-Q87A-R37Q-Q1E-R43P,EVQLVESGGGLVQAGGSLRLSCAVSGLGAHRVGWFRQAPGKEPEFVAAIGANGGNTNYEDSVKGRFTISRDNAKNTVYLQMNSLKPADTAVYYCAARDIETAEYTYWGQGTQVTVSS,6.014601230621338,75.44743772241992,33,281,62.77554621848739,43,357,-45.359,-36.627,43.00799179878328
Nb21-I77V-L59E-Q87A-R37Q-E42G-R43L,QVQLVESGGGLVQAGGSLRLSCAVSGLGAHRVGWFRQAPGKGLEFVAAIGANGGNTNYEDSVKGRFTISRDNAKNTVYLQMNSLKPADTAVYYCAARDIETAEYTYWGQGTQVTVSS,5.952775478363037,72.50151639344261,29,244,72.91057971014493,32,276,-30.204,-34.705,42.99562664833162
Nb21-I77V-L59E-Q87A-R37Q-A14P-R43P,QVQLVESGGGLVQPGGSLRLSCAVSGLGAHRVGWFRQAPGKEPEFVAAIGANGGNTNYEDSVKGRFTISRDNAKNTVYLQMNSLKPADTAVYYCAARDIETAEYTYWGQGTQVTVSS,5.938412666320801,72.77399193548388,28,248,63.52717592592593,50,432,-30.53,-30.451,42.992754085923174
Nb21-I77V-L59E-Q87A-R37Q-A96R-R43P,QVQLVESGGGLVQAGGSLRLSCAVSGLGAHRVGWFRQAPGKEPEFVAAIGANGGNTNYEDSVKGRFTISRDNAKNTVYLQMNSLKPADTAVYYCARRDIETAEYTYWGQGTQVTVSS,5.895484924316406,73.73244444444445,37,315,66.55814457831326,47,415,-41.558,-38.575,42.984168537522294
Nb21-I77V-L59E-Q87A-R37Q-A87E-R43P,QVQLVESGGGLVQAGGSLRLSCAVSGLGAHRVGWFRQAPGKEPEFVAAIGANGGNTNYEDSVKGRFTISRDNAKNTVYLQMNSLKPEDTAVYYCAARDIETAEYTYWGQGTQVTVSS,5.838066816329956,80.88665594855306,35,311,61.8087969924812,48,399,-47.003,-26.356,42.97268491592501
Nb21-I77V-L59E-Q87A-R37Q-A14P-R43L,QVQLVESGGGLVQPGGSLRLSCAVSGLGAHRVGWFRQAPGKELEFVAAIGANGGNTNYEDSVKGRFTISRDNAKNTVYLQMNSLKPADTAVYYCAARDIETAEYTYWGQGTQVTVSS,5.761556625366211,79.83248520710059,38,338,69.69303523035231,45,369,-40.943,-28.679,42.95738287773226
Nb21-I77V-L59E-Q87A-R37Q-E103Y-R43L,QVQLVESGGGLVQAGGSLRLSCAVSGLGAHRVGWFRQAPGKELEFVAAIGANGGNTNYEDSVKGRFTISRDNAKNTVYLQMNSLKPADTAVYYCAARDIETAYYTYWGQGTQVTVSS,5.754010438919067,71.92199170124482,29,241,66.18645739910313,54,446,-38.192,-22.82,42.95587364044283
